source,label,date
Donald Trump,2.0,2020-10-02
Joe Biden,3.0,2020-10-02
Joe Biden,4.0,2020-10-01
Donald Trump,3.0,2020-10-01
Joe Biden,4.0,2020-10-01
Donald Trump,0.0,2020-10-01
Donald Trump,1.0,2020-10-01
Joe Biden,3.0,2020-10-01
Donald Trump,1.0,2020-10-01
Donald Trump,4.0,2020-10-01
Donald Trump,1.0,2020-09-30
Donald Trump,1.0,2020-09-30
Joe Biden,2.0,2020-09-30
Donald Trump,1.0,2020-09-30
Joe Biden,3.0,2020-09-29
Donald Trump,1.0,2020-09-28
Joe Biden,4.0,2020-09-28
Donald Trump,1.0,2020-09-25
Donald Trump,2.0,2020-09-24
Joe Biden,3.0,2020-09-24
Joe Biden,3.0,2020-09-23
Donald Trump,2.0,2020-09-22
Joe Biden,1.0,2020-09-22
Joe Biden,1.0,2020-09-21
Joe Biden,1.0,2020-09-18
Joe Biden,0.0,2020-09-18
Joe Biden,5.0,2020-09-17
Donald Trump,0.0,2020-09-16
Joe Biden,3.0,2020-09-14
Donald Trump,1.0,2020-09-11
Donald Trump,0.0,2020-09-11
Joe Biden,3.0,2020-09-11
Donald Trump,0.0,2020-09-11
Joe Biden,1.0,2020-09-10
Joe Biden,2.0,2020-09-10
Donald Trump,2.0,2020-09-10
Donald Trump,3.0,2020-09-09
Joe Biden,2.0,2020-09-04
Donald Trump,0.0,2020-09-04
Joe Biden,2.0,2020-09-04
Joe Biden,1.0,2020-09-04
Donald Trump,1.0,2020-09-03
Donald Trump,0.0,2020-09-03
Joe Biden,3.0,2020-09-03
Joe Biden,4.0,2020-09-02
Donald Trump,1.0,2020-09-01
Donald Trump,1.0,2020-09-01
Joe Biden,4.0,2020-09-01
Donald Trump,0.0,2020-09-01
Donald Trump,1.0,2020-08-29
Donald Trump,0.0,2020-08-29
Donald Trump,1.0,2020-08-28
Joe Biden,4.0,2020-08-25
Donald Trump,0.0,2020-08-24
Donald Trump,1.0,2020-08-20
Donald Trump,2.0,2020-08-19
Donald Trump,1.0,2020-08-18
Donald Trump,1.0,2020-08-18
Donald Trump,1.0,2020-08-18
Donald Trump,3.0,2020-08-17
Donald Trump,2.0,2020-08-15
Donald Trump,1.0,2020-08-13
Joe Biden,4.0,2020-08-12
Joe Biden,4.0,2020-08-11
Donald Trump,1.0,2020-08-06
Donald Trump,1.0,2020-08-05
Donald Trump,2.0,2020-08-03
Donald Trump,1.0,2020-07-31
Joe Biden,1.0,2020-07-28
Joe Biden,5.0,2020-07-28
Joe Biden,1.0,2020-07-27
Joe Biden,4.0,2020-07-24
Donald Trump,2.0,2020-07-24
Donald Trump,5.0,2020-07-24
Joe Biden,4.0,2020-07-22
Donald Trump,1.0,2020-07-20
Donald Trump,2.0,2020-07-17
Donald Trump,1.0,2020-07-17
Donald Trump,1.0,2020-07-17
Donald Trump,0.0,2020-07-17
Joe Biden,2.0,2020-07-11
Joe Biden,4.0,2020-07-10
Donald Trump,1.0,2020-07-06
Joe Biden,4.0,2020-07-06
Joe Biden,4.0,2020-06-30
Joe Biden,1.0,2020-06-29
Donald Trump,4.0,2020-06-24
Donald Trump,1.0,2020-06-24
Donald Trump,1.0,2020-06-23
Donald Trump,0.0,2020-06-19
Donald Trump,0.0,2020-06-18
Donald Trump,1.0,2020-06-18
Donald Trump,0.0,2020-06-17
Joe Biden,5.0,2020-06-11
Donald Trump,1.0,2020-06-09
Donald Trump,1.0,2020-06-09
Donald Trump,0.0,2020-06-04
Donald Trump,0.0,2020-06-01
Joe Biden,4.0,2020-06-01
Joe Biden,1.0,2020-06-01
Donald Trump,3.0,2020-05-28
Donald Trump,0.0,2020-05-27
Donald Trump,0.0,2020-05-27
Donald Trump,0.0,2020-05-26
Donald Trump,0.0,2020-05-26
Joe Biden,2.0,2020-05-26
Donald Trump,4.0,2020-05-22
Joe Biden,3.0,2020-05-21
Donald Trump,3.0,2020-05-20
Donald Trump,3.0,2020-05-20
Donald Trump,0.0,2020-05-20
Donald Trump,1.0,2020-05-20
Donald Trump,3.0,2020-05-18
Donald Trump,1.0,2020-05-13
Donald Trump,1.0,2020-05-06
Donald Trump,1.0,2020-05-04
Donald Trump,0.0,2020-04-30
Donald Trump,3.0,2020-04-29
Donald Trump,2.0,2020-04-23
Joe Biden,3.0,2020-04-23
Joe Biden,5.0,2020-04-22
Donald Trump,3.0,2020-04-17
Donald Trump,1.0,2020-04-16
Donald Trump,0.0,2020-04-14
Donald Trump,1.0,2020-04-13
Joe Biden,3.0,2020-04-13
Donald Trump,1.0,2020-04-09
Donald Trump,2.0,2020-04-09
Donald Trump,0.0,2020-04-08
Donald Trump,2.0,2020-04-08
Donald Trump,0.0,2020-04-06
Donald Trump,0.0,2020-04-06
Joe Biden,2.0,2020-04-03
Donald Trump,0.0,2020-03-31
Donald Trump,0.0,2020-03-30
Donald Trump,2.0,2020-03-27
Donald Trump,1.0,2020-03-25
Donald Trump,1.0,2020-03-25
Donald Trump,4.0,2020-03-24
Donald Trump,3.0,2020-03-19
Donald Trump,0.0,2020-03-19
Donald Trump,0.0,2020-03-18
Joe Biden,1.0,2020-03-18
Donald Trump,1.0,2020-03-17
Joe Biden,2.0,2020-03-16
Joe Biden,3.0,2020-03-16
Joe Biden,1.0,2020-03-15
Donald Trump,2.0,2020-03-15
Donald Trump,4.0,2020-03-13
Joe Biden,3.0,2020-03-13
Donald Trump,1.0,2020-03-12
Donald Trump,0.0,2020-03-11
Donald Trump,3.0,2020-03-11
Donald Trump,2.0,2020-03-09
Joe Biden,4.0,2020-03-09
Donald Trump,1.0,2020-03-06
Donald Trump,1.0,2020-03-06
Joe Biden,5.0,2020-03-05
Joe Biden,0.0,2020-03-04
Donald Trump,1.0,2020-03-02
Joe Biden,2.0,2020-02-27
Joe Biden,5.0,2020-02-20
Joe Biden,1.0,2020-02-13
Donald Trump,2.0,2020-02-11
Donald Trump,2.0,2020-02-10
Donald Trump,0.0,2020-02-07
Donald Trump,4.0,2020-02-07
Donald Trump,3.0,2020-02-06
Donald Trump,1.0,2020-02-06
Donald Trump,1.0,2020-02-06
Donald Trump,3.0,2020-02-05
Donald Trump,2.0,2020-02-05
Donald Trump,3.0,2020-02-05
Donald Trump,2.0,2020-02-05
Donald Trump,3.0,2020-02-03
Donald Trump,3.0,2020-02-03
Donald Trump,1.0,2020-01-27
Donald Trump,4.0,2020-01-16
Donald Trump,0.0,2020-01-15
Donald Trump,2.0,2020-01-10
Joe Biden,2.0,2020-01-06
Joe Biden,4.0,2019-12-20
Joe Biden,2.0,2019-12-18
Joe Biden,5.0,2019-12-18
Joe Biden,2.0,2019-12-16
Donald Trump,1.0,2019-12-05
Joe Biden,2.0,2019-11-26
Donald Trump,1.0,2019-11-21
Joe Biden,3.0,2019-11-21
Donald Trump,1.0,2019-11-19
Donald Trump,1.0,2019-11-19
Donald Trump,0.0,2019-11-15
Donald Trump,1.0,2019-11-14
Donald Trump,1.0,2019-11-13
Donald Trump,4.0,2019-11-07
Donald Trump,2.0,2019-11-06
Donald Trump,1.0,2019-10-31
Joe Biden,4.0,2019-10-30
Donald Trump,0.0,2019-10-29
Donald Trump,2.0,2019-10-28
Donald Trump,0.0,2019-10-25
Donald Trump,1.0,2019-10-16
Joe Biden,2.0,2019-10-16
Donald Trump,1.0,2019-10-11
Donald Trump,1.0,2019-10-10
Donald Trump,0.0,2019-10-09
Donald Trump,1.0,2019-10-08
Donald Trump,5.0,2019-10-08
Joe Biden,4.0,2019-10-04
Donald Trump,5.0,2019-10-02
Donald Trump,1.0,2019-10-01
Donald Trump,3.0,2019-09-27
Donald Trump,1.0,2019-09-26
Donald Trump,3.0,2019-09-25
Donald Trump,2.0,2019-09-25
Donald Trump,0.0,2019-09-19
Joe Biden,3.0,2019-09-18
Donald Trump,3.0,2019-09-13
Joe Biden,1.0,2019-09-13
Joe Biden,2.0,2019-09-12
Donald Trump,2.0,2019-09-10
Donald Trump,0.0,2019-09-05
Joe Biden,1.0,2019-09-05
Joe Biden,2.0,2019-09-04
Donald Trump,4.0,2019-09-04
Donald Trump,2.0,2019-08-30
Donald Trump,2.0,2019-08-27
Donald Trump,2.0,2019-08-27
Joe Biden,2.0,2019-08-27
Donald Trump,1.0,2019-08-22
Donald Trump,1.0,2019-08-19
Donald Trump,1.0,2019-08-16
Donald Trump,2.0,2019-08-16
Donald Trump,2.0,2019-08-15
Joe Biden,1.0,2019-08-09
Donald Trump,1.0,2019-08-09
Donald Trump,3.0,2019-08-08
Donald Trump,4.0,2019-08-05
Donald Trump,3.0,2019-08-02
Donald Trump,1.0,2019-08-02
Joe Biden,4.0,2019-08-02
Donald Trump,1.0,2019-08-02
Donald Trump,2.0,2019-08-01
Donald Trump,1.0,2019-07-23
Donald Trump,1.0,2019-07-23
Donald Trump,1.0,2019-07-19
Donald Trump,1.0,2019-07-17
Donald Trump,5.0,2019-07-16
Donald Trump,1.0,2019-07-16
Donald Trump,1.0,2019-07-15
Joe Biden,4.0,2019-07-11
Donald Trump,2.0,2019-07-09
Donald Trump,4.0,2019-07-02
Donald Trump,1.0,2019-07-01
Joe Biden,2.0,2019-06-28
Donald Trump,0.0,2019-06-24
Donald Trump,2.0,2019-06-24
Donald Trump,1.0,2019-06-21
Donald Trump,2.0,2019-06-20
Joe Biden,2.0,2019-06-19
Joe Biden,4.0,2019-06-14
Donald Trump,3.0,2019-06-06
Joe Biden,4.0,2019-06-05
Donald Trump,1.0,2019-06-05
Donald Trump,0.0,2019-06-04
Joe Biden,3.0,2019-05-30
Donald Trump,4.0,2019-05-24
Donald Trump,2.0,2019-05-22
Donald Trump,1.0,2019-05-22
Donald Trump,2.0,2019-05-21
Donald Trump,1.0,2019-05-21
Donald Trump,1.0,2019-05-16
Donald Trump,1.0,2019-05-14
Donald Trump,2.0,2019-05-09
Joe Biden,5.0,2019-05-08
Joe Biden,1.0,2019-05-06
Donald Trump,5.0,2019-05-02
Donald Trump,1.0,2019-04-30
Donald Trump,2.0,2019-04-30
Donald Trump,0.0,2019-04-29
Donald Trump,1.0,2019-04-29
Donald Trump,0.0,2019-04-23
Donald Trump,5.0,2019-04-20
Joe Biden,4.0,2019-04-16
Donald Trump,0.0,2019-04-08
Donald Trump,0.0,2019-04-04
Donald Trump,1.0,2019-04-03
Donald Trump,2.0,2019-04-03
Donald Trump,1.0,2019-03-28
Joe Biden,2.0,2019-03-26
Donald Trump,0.0,2019-03-08
Donald Trump,1.0,2019-02-28
Donald Trump,0.0,2019-02-25
Donald Trump,3.0,2019-02-25
Joe Biden,3.0,2019-02-22
Donald Trump,1.0,2019-02-20
Donald Trump,2.0,2019-02-14
Donald Trump,1.0,2019-02-12
Donald Trump,1.0,2019-02-08
Donald Trump,2.0,2019-02-07
Donald Trump,3.0,2019-02-07
Joe Biden,3.0,2019-02-04
Donald Trump,1.0,2019-01-28
Donald Trump,1.0,2019-01-28
Donald Trump,3.0,2019-01-25
Donald Trump,1.0,2019-01-11
Donald Trump,1.0,2019-01-10
Donald Trump,1.0,2019-01-09
Donald Trump,2.0,2019-01-09
Donald Trump,1.0,2019-01-09
Donald Trump,0.0,2019-01-09
Donald Trump,1.0,2019-01-04
Donald Trump,0.0,2018-12-27
Donald Trump,1.0,2018-12-21
Donald Trump,0.0,2018-12-19
Donald Trump,1.0,2018-12-05
Donald Trump,1.0,2018-11-29
Donald Trump,3.0,2018-11-26
Donald Trump,0.0,2018-11-16
Donald Trump,2.0,2018-11-15
Donald Trump,1.0,2018-11-12
Donald Trump,1.0,2018-11-08
Donald Trump,3.0,2018-11-08
Donald Trump,1.0,2018-11-02
Donald Trump,0.0,2018-11-01
Donald Trump,1.0,2018-11-01
Donald Trump,5.0,2018-11-01
Donald Trump,1.0,2018-10-31
Donald Trump,1.0,2018-10-30
Donald Trump,1.0,2018-10-29
Donald Trump,2.0,2018-10-25
Donald Trump,1.0,2018-10-25
Donald Trump,3.0,2018-10-24
Donald Trump,0.0,2018-10-24
Donald Trump,0.0,2018-10-23
Donald Trump,0.0,2018-10-23
Donald Trump,5.0,2018-10-23
Donald Trump,0.0,2018-10-22
Donald Trump,3.0,2018-10-18
Donald Trump,1.0,2018-10-08
Donald Trump,0.0,2018-10-05
Donald Trump,3.0,2018-10-04
Donald Trump,1.0,2018-10-04
Donald Trump,4.0,2018-10-04
Donald Trump,1.0,2018-10-02
Donald Trump,4.0,2018-10-01
Donald Trump,4.0,2018-09-24
Donald Trump,1.0,2018-09-24
Donald Trump,1.0,2018-09-20
Donald Trump,1.0,2018-09-18
Donald Trump,3.0,2018-09-13
Donald Trump,4.0,2018-09-07
Donald Trump,1.0,2018-09-06
Donald Trump,1.0,2018-09-05
Donald Trump,2.0,2018-09-04
Donald Trump,2.0,2018-08-31
Donald Trump,1.0,2018-08-29
Donald Trump,2.0,2018-08-24
Donald Trump,2.0,2018-08-23
Donald Trump,1.0,2018-08-14
Donald Trump,2.0,2018-08-13
Donald Trump,1.0,2018-08-06
Donald Trump,1.0,2018-08-02
Donald Trump,2.0,2018-07-31
Donald Trump,1.0,2018-07-30
Donald Trump,2.0,2018-07-24
Donald Trump,1.0,2018-07-23
Donald Trump,1.0,2018-07-17
Donald Trump,1.0,2018-07-16
Donald Trump,2.0,2018-07-12
Donald Trump,1.0,2018-07-11
Donald Trump,1.0,2018-07-09
Donald Trump,0.0,2018-07-03
Donald Trump,1.0,2018-07-02
Donald Trump,1.0,2018-07-02
Donald Trump,0.0,2018-06-29
Donald Trump,2.0,2018-06-26
Donald Trump,4.0,2018-06-21
Donald Trump,,2018-06-21
Donald Trump,1.0,2018-06-18
Donald Trump,2.0,2018-06-13
Donald Trump,4.0,2018-06-13
Donald Trump,4.0,2018-06-11
Donald Trump,0.0,2018-06-07
Donald Trump,1.0,2018-06-05
Donald Trump,4.0,2018-06-04
Donald Trump,1.0,2018-05-31
Donald Trump,1.0,2018-05-30
Donald Trump,0.0,2018-05-29
Donald Trump,1.0,2018-05-29
Donald Trump,5.0,2018-05-29
Donald Trump,1.0,2018-05-24
Donald Trump,5.0,2018-05-24
Donald Trump,1.0,2018-05-23
Donald Trump,3.0,2018-05-23
Donald Trump,2.0,2018-05-15
Donald Trump,4.0,2018-05-15
Donald Trump,1.0,2018-05-11
Donald Trump,0.0,2018-05-10
Donald Trump,2.0,2018-05-07
Donald Trump,1.0,2018-05-02
Donald Trump,3.0,2018-05-01
Donald Trump,3.0,2018-04-27
Donald Trump,4.0,2018-04-26
Donald Trump,1.0,2018-04-22
Donald Trump,0.0,2018-04-20
Donald Trump,3.0,2018-04-19
Donald Trump,2.0,2018-04-10
Donald Trump,2.0,2018-04-10
Donald Trump,4.0,2018-04-09
Donald Trump,2.0,2018-04-09
Donald Trump,0.0,2018-04-06
Donald Trump,2.0,2018-04-04
Donald Trump,3.0,2018-04-02
Donald Trump,2.0,2018-04-02
Donald Trump,1.0,2018-04-02
Donald Trump,2.0,2018-03-28
Donald Trump,1.0,2018-03-22
Donald Trump,3.0,2018-03-21
Donald Trump,3.0,2018-03-16
Donald Trump,1.0,2018-03-15
Donald Trump,2.0,2018-03-15
Donald Trump,5.0,2018-03-14
Donald Trump,0.0,2018-03-13
Donald Trump,4.0,2018-03-13
Donald Trump,3.0,2018-03-12
Donald Trump,3.0,2018-03-09
Donald Trump,1.0,2018-03-09
Donald Trump,1.0,2018-03-07
Donald Trump,5.0,2018-03-06
Donald Trump,1.0,2018-03-01
Donald Trump,2.0,2018-02-20
Donald Trump,0.0,2018-02-19
Donald Trump,2.0,2018-02-08
Donald Trump,3.0,2018-02-07
Donald Trump,0.0,2018-02-06
Donald Trump,2.0,2018-02-02
Donald Trump,3.0,2018-02-02
Donald Trump,2.0,2018-02-01
Donald Trump,3.0,2018-01-31
Donald Trump,2.0,2018-01-31
Donald Trump,2.0,2018-01-31
Donald Trump,2.0,2018-01-31
Donald Trump,4.0,2018-01-31
Donald Trump,5.0,2018-01-31
Donald Trump,3.0,2018-01-31
Donald Trump,2.0,2018-01-31
Donald Trump,1.0,2018-01-31
Donald Trump,4.0,2018-01-31
Donald Trump,1.0,2018-01-31
Donald Trump,3.0,2018-01-31
Donald Trump,0.0,2018-01-29
Donald Trump,1.0,2018-01-24
Donald Trump,2.0,2018-01-24
Donald Trump,3.0,2018-01-23
Donald Trump,3.0,2018-01-18
Donald Trump,2.0,2018-01-17
Donald Trump,2.0,2018-01-12
Donald Trump,2.0,2018-01-09
Donald Trump,5.0,2018-01-08
Donald Trump,4.0,2018-01-08
Donald Trump,1.0,2018-01-05
Donald Trump,3.0,2018-01-05
Donald Trump,1.0,2018-01-04
Donald Trump,2.0,2018-01-03
Donald Trump,1.0,2018-01-03
Donald Trump,1.0,2018-01-02
Donald Trump,1.0,2017-12-29
Donald Trump,1.0,2017-12-21
Donald Trump,0.0,2017-12-20
Donald Trump,1.0,2017-12-15
Donald Trump,1.0,2017-12-11
Donald Trump,4.0,2017-12-07
Donald Trump,4.0,2017-12-06
Donald Trump,1.0,2017-12-05
Donald Trump,1.0,2017-11-30
Donald Trump,0.0,2017-11-30
Donald Trump,0.0,2017-11-29
Donald Trump,2.0,2017-11-28
Donald Trump,3.0,2017-11-14
Donald Trump,0.0,2017-11-07
Donald Trump,4.0,2017-11-06
Donald Trump,2.0,2017-11-01
Donald Trump,2.0,2017-10-30
Donald Trump,3.0,2017-10-26
Donald Trump,1.0,2017-10-26
Donald Trump,3.0,2017-10-24
Donald Trump,1.0,2017-10-23
Donald Trump,1.0,2017-10-18
Donald Trump,2.0,2017-10-18
Donald Trump,4.0,2017-10-12
Donald Trump,1.0,2017-10-12
Donald Trump,1.0,2017-10-12
Donald Trump,2.0,2017-10-11
Donald Trump,2.0,2017-10-02
Donald Trump,1.0,2017-09-28
Donald Trump,0.0,2017-09-28
Donald Trump,1.0,2017-09-28
Donald Trump,4.0,2017-09-27
Donald Trump,2.0,2017-09-24
Donald Trump,2.0,2017-09-21
Donald Trump,3.0,2017-09-20
Donald Trump,3.0,2017-09-19
Donald Trump,3.0,2017-09-18
Donald Trump,2.0,2017-09-06
Donald Trump,1.0,2017-08-31
Donald Trump,1.0,2017-08-23
Donald Trump,1.0,2017-08-23
Donald Trump,0.0,2017-08-17
Donald Trump,0.0,2017-08-17
Donald Trump,1.0,2017-08-17
Donald Trump,1.0,2017-08-03
Donald Trump,3.0,2017-08-01
Donald Trump,2.0,2017-07-31
Donald Trump,1.0,2017-07-27
Donald Trump,0.0,2017-07-26
Donald Trump,4.0,2017-07-25
Donald Trump,2.0,2017-07-25
Donald Trump,1.0,2017-07-21
Donald Trump,1.0,2017-07-20
Donald Trump,2.0,2017-07-18
Donald Trump,1.0,2017-07-17
Donald Trump,1.0,2017-07-11
Donald Trump,2.0,2017-07-10
Donald Trump,2.0,2017-07-06
Donald Trump,0.0,2017-07-03
Donald Trump,1.0,2017-06-30
Donald Trump,3.0,2017-06-27
Donald Trump,2.0,2017-06-26
Donald Trump,2.0,2017-06-21
Donald Trump,5.0,2017-06-20
Donald Trump,2.0,2017-06-19
Donald Trump,3.0,2017-06-15
Donald Trump,2.0,2017-06-14
Donald Trump,2.0,2017-06-13
Donald Trump,1.0,2017-06-05
Donald Trump,1.0,2017-06-04
Donald Trump,1.0,2017-05-26
Donald Trump,3.0,2017-05-24
Donald Trump,5.0,2017-05-15
Donald Trump,2.0,2017-05-12
Donald Trump,0.0,2017-05-12
Donald Trump,1.0,2017-05-04
Donald Trump,5.0,2017-05-02
Donald Trump,2.0,2017-05-01
Donald Trump,4.0,2017-04-28
Donald Trump,2.0,2017-04-27
Donald Trump,3.0,2017-04-26
Donald Trump,3.0,2017-04-26
Donald Trump,2.0,2017-04-25
Donald Trump,5.0,2017-04-25
Donald Trump,1.0,2017-04-24
Donald Trump,1.0,2017-04-20
Donald Trump,3.0,2017-04-19
Donald Trump,4.0,2017-04-19
Donald Trump,1.0,2017-04-18
Donald Trump,2.0,2017-04-17
Donald Trump,,2017-04-12
Donald Trump,0.0,2017-04-12
Donald Trump,3.0,2017-04-10
Donald Trump,3.0,2017-04-06
Donald Trump,2.0,2017-04-04
Donald Trump,1.0,2017-04-04
Donald Trump,4.0,2017-03-24
Donald Trump,4.0,2017-03-22
Donald Trump,1.0,2017-03-20
Donald Trump,1.0,2017-03-19
Donald Trump,1.0,2017-03-16
Donald Trump,4.0,2017-03-14
Donald Trump,5.0,2017-03-13
Donald Trump,2.0,2017-03-07
Donald Trump,2.0,2017-03-02
Donald Trump,3.0,2017-03-02
Donald Trump,2.0,2017-03-01
Donald Trump,3.0,2017-03-01
Donald Trump,2.0,2017-02-25
Donald Trump,1.0,2017-02-19
Donald Trump,4.0,2017-02-16
Donald Trump,2.0,2017-02-16
Donald Trump,,2017-02-16
Donald Trump,4.0,2017-02-12
Donald Trump,1.0,2017-02-12
Donald Trump,1.0,2017-02-09
Donald Trump,1.0,2017-02-08
Donald Trump,2.0,2017-02-07
Donald Trump,2.0,2017-02-07
Donald Trump,0.0,2017-02-06
Donald Trump,1.0,2017-02-06
Donald Trump,3.0,2017-02-02
Donald Trump,2.0,2017-01-30
Donald Trump,1.0,2017-01-29
Donald Trump,4.0,2017-01-26
Donald Trump,2.0,2017-01-26
Donald Trump,1.0,2017-01-26
Donald Trump,4.0,2017-01-24
Donald Trump,2.0,2017-01-23
Donald Trump,1.0,2017-01-22
Donald Trump,4.0,2017-01-20
Donald Trump,2.0,2017-01-20
Donald Trump,2.0,2017-01-15
Donald Trump,1.0,2017-01-11
Donald Trump,4.0,2017-01-11
Donald Trump,2.0,2017-01-08
Donald Trump,5.0,2017-01-05
Donald Trump,4.0,2017-01-04
Donald Trump,0.0,2016-12-15
Donald Trump,4.0,2016-12-15
Donald Trump,1.0,2016-12-12
Donald Trump,3.0,2016-12-06
Donald Trump,0.0,2016-11-29
Donald Trump,0.0,2016-11-28
Donald Trump,0.0,2016-11-28
Donald Trump,0.0,2016-11-28
Donald Trump,3.0,2016-11-15
Donald Trump,1.0,2016-11-15
Donald Trump,1.0,2016-11-14
Donald Trump,1.0,2016-11-07
Donald Trump,3.0,2016-11-07
Donald Trump,4.0,2016-11-07
Donald Trump,0.0,2016-11-06
Donald Trump,4.0,2016-11-04
Donald Trump,1.0,2016-11-04
Donald Trump,1.0,2016-11-03
Donald Trump,3.0,2016-11-03
Donald Trump,2.0,2016-11-03
Donald Trump,2.0,2016-11-02
Donald Trump,5.0,2016-11-02
Donald Trump,1.0,2016-11-02
Donald Trump,3.0,2016-11-01
Donald Trump,4.0,2016-10-31
Donald Trump,1.0,2016-10-31
Donald Trump,0.0,2016-10-31
Donald Trump,3.0,2016-10-28
Donald Trump,3.0,2016-10-27
Donald Trump,2.0,2016-10-26
Donald Trump,0.0,2016-10-25
Donald Trump,1.0,2016-10-24
Donald Trump,3.0,2016-10-24
Donald Trump,4.0,2016-10-23
Donald Trump,3.0,2016-10-21
Donald Trump,3.0,2016-10-20
Donald Trump,1.0,2016-10-20
Donald Trump,1.0,2016-10-20
Donald Trump,0.0,2016-10-20
Donald Trump,3.0,2016-10-20
Donald Trump,2.0,2016-10-20
Donald Trump,2.0,2016-10-20
Donald Trump,5.0,2016-10-20
Donald Trump,0.0,2016-10-19
Donald Trump,2.0,2016-10-18
Donald Trump,1.0,2016-10-18
Donald Trump,0.0,2016-10-17
Donald Trump,2.0,2016-10-17
Donald Trump,2.0,2016-10-17
Donald Trump,0.0,2016-10-14
Donald Trump,2.0,2016-10-14
Donald Trump,0.0,2016-10-12
Donald Trump,2.0,2016-10-12
Donald Trump,1.0,2016-10-11
Donald Trump,1.0,2016-10-11
Donald Trump,2.0,2016-10-11
Donald Trump,2.0,2016-10-11
Donald Trump,2.0,2016-10-10
Donald Trump,2.0,2016-10-10
Donald Trump,4.0,2016-10-10
Donald Trump,1.0,2016-10-10
Donald Trump,0.0,2016-10-10
Donald Trump,2.0,2016-10-10
Donald Trump,1.0,2016-10-10
Donald Trump,3.0,2016-10-10
Donald Trump,1.0,2016-10-10
Donald Trump,4.0,2016-10-07
Donald Trump,1.0,2016-10-06
Donald Trump,2.0,2016-09-30
Donald Trump,4.0,2016-09-29
Donald Trump,2.0,2016-09-28
Donald Trump,1.0,2016-09-27
Donald Trump,1.0,2016-09-27
Donald Trump,1.0,2016-09-27
Donald Trump,2.0,2016-09-27
Donald Trump,1.0,2016-09-27
Donald Trump,1.0,2016-09-27
Donald Trump,5.0,2016-09-27
Donald Trump,1.0,2016-09-27
Donald Trump,4.0,2016-09-27
Donald Trump,1.0,2016-09-27
Donald Trump,2.0,2016-09-27
Donald Trump,3.0,2016-09-26
Donald Trump,3.0,2016-09-23
Donald Trump,0.0,2016-09-22
Donald Trump,1.0,2016-09-21
Donald Trump,5.0,2016-09-21
Donald Trump,4.0,2016-09-19
Donald Trump,0.0,2016-09-16
Donald Trump,1.0,2016-09-16
Donald Trump,,2016-09-16
Donald Trump,0.0,2016-09-14
Donald Trump,4.0,2016-09-14
Donald Trump,5.0,2016-09-13
Donald Trump,3.0,2016-09-12
Donald Trump,0.0,2016-09-09
Donald Trump,1.0,2016-09-09
Donald Trump,2.0,2016-09-08
Donald Trump,2.0,2016-09-08
Donald Trump,1.0,2016-09-08
Donald Trump,1.0,2016-09-07
Donald Trump,3.0,2016-09-06
Donald Trump,2.0,2016-09-02
Donald Trump,3.0,2016-09-02
Donald Trump,4.0,2016-09-01
Donald Trump,0.0,2016-09-01
Donald Trump,2.0,2016-09-01
Donald Trump,1.0,2016-08-31
Donald Trump,4.0,2016-08-31
Donald Trump,0.0,2016-08-30
Donald Trump,2.0,2016-08-29
Donald Trump,1.0,2016-08-29
Donald Trump,1.0,2016-08-26
Donald Trump,2.0,2016-08-25
Donald Trump,2.0,2016-08-25
Donald Trump,2.0,2016-08-24
Donald Trump,2.0,2016-08-24
Donald Trump,2.0,2016-08-23
Donald Trump,3.0,2016-08-22
Donald Trump,4.0,2016-08-19
Donald Trump,1.0,2016-08-18
Donald Trump,2.0,2016-08-18
Joe Biden,2.0,2016-08-17
Donald Trump,1.0,2016-08-16
Donald Trump,0.0,2016-08-15
Donald Trump,3.0,2016-08-15
Donald Trump,0.0,2016-08-11
Donald Trump,2.0,2016-08-10
Donald Trump,1.0,2016-08-09
Donald Trump,5.0,2016-08-08
Donald Trump,1.0,2016-08-05
Donald Trump,0.0,2016-08-05
Donald Trump,0.0,2016-08-05
Donald Trump,1.0,2016-08-04
Donald Trump,4.0,2016-08-04
Donald Trump,0.0,2016-08-03
Donald Trump,4.0,2016-08-02
Joe Biden,1.0,2016-08-02
Donald Trump,0.0,2016-08-01
Donald Trump,,2016-08-01
Donald Trump,,2016-07-28
Donald Trump,4.0,2016-07-28
Joe Biden,4.0,2016-07-28
Donald Trump,4.0,2016-07-27
Donald Trump,3.0,2016-07-27
Donald Trump,1.0,2016-07-25
Donald Trump,0.0,2016-07-24
Donald Trump,4.0,2016-07-23
Donald Trump,0.0,2016-07-22
Donald Trump,4.0,2016-07-22
Donald Trump,5.0,2016-07-22
Donald Trump,2.0,2016-07-22
Donald Trump,4.0,2016-07-22
Donald Trump,5.0,2016-07-22
Donald Trump,4.0,2016-07-22
Donald Trump,1.0,2016-07-22
Donald Trump,4.0,2016-07-22
Donald Trump,3.0,2016-07-22
Donald Trump,4.0,2016-07-22
Donald Trump,3.0,2016-07-22
Donald Trump,5.0,2016-07-22
Donald Trump,3.0,2016-07-22
Donald Trump,2.0,2016-07-22
Donald Trump,3.0,2016-07-22
Donald Trump,3.0,2016-07-22
Donald Trump,1.0,2016-07-20
Donald Trump,1.0,2016-07-19
Joe Biden,3.0,2016-07-15
Donald Trump,1.0,2016-07-15
Donald Trump,5.0,2016-07-14
Donald Trump,3.0,2016-07-11
Donald Trump,4.0,2016-07-08
Donald Trump,2.0,2016-07-07
Donald Trump,4.0,2016-07-07
Donald Trump,1.0,2016-07-01
Donald Trump,2.0,2016-06-30
Donald Trump,3.0,2016-06-29
Donald Trump,2.0,2016-06-28
Donald Trump,1.0,2016-06-28
Donald Trump,0.0,2016-06-24
Donald Trump,1.0,2016-06-23
Donald Trump,0.0,2016-06-23
Donald Trump,1.0,2016-06-23
Donald Trump,0.0,2016-06-22
Donald Trump,1.0,2016-06-22
Donald Trump,5.0,2016-06-22
Donald Trump,1.0,2016-06-22
Donald Trump,2.0,2016-06-20
Donald Trump,2.0,2016-06-19
Donald Trump,1.0,2016-06-18
Donald Trump,4.0,2016-06-16
Donald Trump,0.0,2016-06-15
Donald Trump,4.0,2016-06-13
Donald Trump,1.0,2016-06-13
Donald Trump,4.0,2016-06-13
Donald Trump,0.0,2016-06-09
Donald Trump,2.0,2016-06-07
Donald Trump,2.0,2016-06-02
Donald Trump,3.0,2016-06-02
Donald Trump,1.0,2016-06-02
Donald Trump,3.0,2016-06-01
Donald Trump,0.0,2016-05-31
Donald Trump,2.0,2016-05-31
Donald Trump,3.0,2016-05-27
Donald Trump,0.0,2016-05-26
Donald Trump,1.0,2016-05-25
Donald Trump,0.0,2016-05-25
Donald Trump,2.0,2016-05-19
Donald Trump,1.0,2016-05-11
Donald Trump,2.0,2016-05-11
Joe Biden,1.0,2016-05-09
Donald Trump,1.0,2016-05-08
Donald Trump,1.0,2016-05-08
Joe Biden,4.0,2016-05-05
Donald Trump,0.0,2016-05-03
Donald Trump,1.0,2016-05-02
Donald Trump,0.0,2016-05-02
Donald Trump,3.0,2016-04-28
Donald Trump,1.0,2016-04-27
Donald Trump,1.0,2016-04-27
Donald Trump,4.0,2016-04-22
Donald Trump,4.0,2016-04-20
Donald Trump,1.0,2016-04-20
Donald Trump,1.0,2016-04-19
Donald Trump,1.0,2016-04-18
Donald Trump,1.0,2016-04-14
Donald Trump,,2016-04-12
Donald Trump,3.0,2016-04-08
Donald Trump,3.0,2016-04-04
Donald Trump,3.0,2016-04-04
Donald Trump,0.0,2016-04-02
Donald Trump,1.0,2016-03-31
Donald Trump,0.0,2016-03-30
Donald Trump,2.0,2016-03-30
Donald Trump,1.0,2016-03-30
Donald Trump,0.0,2016-03-24
Donald Trump,1.0,2016-03-24
Donald Trump,3.0,2016-03-22
Donald Trump,1.0,2016-03-21
Donald Trump,1.0,2016-03-17
Donald Trump,5.0,2016-03-17
Donald Trump,5.0,2016-03-14
Donald Trump,1.0,2016-03-13
Donald Trump,1.0,2016-03-11
Donald Trump,1.0,2016-03-11
Donald Trump,2.0,2016-03-11
Donald Trump,3.0,2016-03-07
Donald Trump,3.0,2016-03-07
Donald Trump,1.0,2016-03-04
Donald Trump,4.0,2016-03-04
Donald Trump,1.0,2016-03-04
Donald Trump,0.0,2016-03-02
Donald Trump,1.0,2016-03-01
Donald Trump,1.0,2016-02-28
Donald Trump,1.0,2016-02-26
Donald Trump,0.0,2016-02-26
Donald Trump,1.0,2016-02-26
Donald Trump,0.0,2016-02-23
Donald Trump,2.0,2016-02-21
Donald Trump,4.0,2016-02-19
Donald Trump,2.0,2016-02-14
Donald Trump,1.0,2016-02-14
Donald Trump,0.0,2016-02-11
Donald Trump,3.0,2016-02-10
Donald Trump,2.0,2016-02-09
Donald Trump,1.0,2016-02-07
Donald Trump,2.0,2016-02-07
Donald Trump,1.0,2016-01-29
Donald Trump,1.0,2016-01-26
Donald Trump,3.0,2016-01-24
Donald Trump,2.0,2016-01-21
Donald Trump,1.0,2016-01-15
Donald Trump,2.0,2016-01-10
Donald Trump,1.0,2016-01-10
Donald Trump,1.0,2016-01-06
Donald Trump,0.0,2016-01-04
Donald Trump,5.0,2015-12-20
Donald Trump,1.0,2015-12-17
Donald Trump,2.0,2015-12-16
Donald Trump,2.0,2015-12-11
Donald Trump,2.0,2015-12-09
Donald Trump,0.0,2015-12-01
Donald Trump,0.0,2015-11-23
Donald Trump,0.0,2015-11-22
Donald Trump,3.0,2015-11-20
Donald Trump,0.0,2015-11-18
Donald Trump,0.0,2015-11-12
Donald Trump,3.0,2015-11-11
Donald Trump,2.0,2015-11-11
Donald Trump,2.0,2015-11-09
Donald Trump,3.0,2015-11-08
Donald Trump,1.0,2015-11-05
Donald Trump,2.0,2015-11-02
Donald Trump,1.0,2015-11-02
Donald Trump,0.0,2015-10-29
Donald Trump,1.0,2015-10-26
Donald Trump,3.0,2015-10-25
Donald Trump,1.0,2015-10-21
Donald Trump,0.0,2015-10-20
Donald Trump,1.0,2015-10-20
Donald Trump,1.0,2015-10-04
Donald Trump,0.0,2015-09-30
Donald Trump,1.0,2015-09-23
Donald Trump,4.0,2015-09-21
Donald Trump,4.0,2015-09-17
Donald Trump,1.0,2015-09-17
Donald Trump,2.0,2015-09-17
Donald Trump,2.0,2015-09-15
Donald Trump,4.0,2015-09-13
Donald Trump,1.0,2015-09-04
Donald Trump,1.0,2015-08-31
Donald Trump,1.0,2015-08-28
Donald Trump,3.0,2015-08-27
Donald Trump,3.0,2015-08-25
Donald Trump,3.0,2015-08-18
Donald Trump,3.0,2015-08-16
Donald Trump,3.0,2015-08-11
Donald Trump,1.0,2015-08-10
Donald Trump,1.0,2015-08-07
Donald Trump,0.0,2015-08-07
Donald Trump,1.0,2015-08-02
Donald Trump,0.0,2015-07-28
Donald Trump,2.0,2015-07-28
Donald Trump,1.0,2015-07-23
Donald Trump,1.0,2015-07-21
Donald Trump,1.0,2015-07-20
Donald Trump,2.0,2015-07-19
Donald Trump,1.0,2015-07-15
Donald Trump,1.0,2015-07-14
Donald Trump,0.0,2015-07-09
Donald Trump,2.0,2015-07-06
Donald Trump,1.0,2015-07-06
Donald Trump,1.0,2015-06-28
Donald Trump,1.0,2015-06-18
Donald Trump,2.0,2015-06-17
Donald Trump,1.0,2015-06-16
Donald Trump,0.0,2015-06-16
Donald Trump,1.0,2015-06-16
Donald Trump,3.0,2015-05-18
Joe Biden,3.0,2015-03-12
Joe Biden,0.0,2015-02-19
Donald Trump,0.0,2014-10-14
Donald Trump,4.0,2014-09-17
Joe Biden,3.0,2014-07-29
Joe Biden,3.0,2014-06-24
Donald Trump,1.0,2014-04-21
Joe Biden,5.0,2013-06-20
Joe Biden,3.0,2012-10-16
Joe Biden,5.0,2012-10-12
Joe Biden,2.0,2012-10-12
Joe Biden,3.0,2012-10-12
Joe Biden,3.0,2012-10-12
Joe Biden,2.0,2012-10-05
Joe Biden,4.0,2012-09-09
Joe Biden,3.0,2012-09-05
Joe Biden,4.0,2012-06-01
Joe Biden,1.0,2012-05-14
Joe Biden,3.0,2012-04-16
Joe Biden,3.0,2012-04-13
Joe Biden,1.0,2012-04-09
Joe Biden,4.0,2012-02-09
Joe Biden,4.0,2011-12-02
Joe Biden,5.0,2011-11-18
Joe Biden,4.0,2011-11-03
Joe Biden,3.0,2011-10-25
Joe Biden,1.0,2011-09-07
Donald Trump,3.0,2011-05-03
Joe Biden,4.0,2011-04-28
Donald Trump,0.0,2011-04-27
Donald Trump,0.0,2011-04-27
Donald Trump,4.0,2011-04-25
Donald Trump,1.0,2011-04-12
Donald Trump,1.0,2011-04-11
Donald Trump,3.0,2011-04-08
Donald Trump,1.0,2011-04-07
Donald Trump,1.0,2011-04-01
Donald Trump,0.0,2011-02-14
Joe Biden,2.0,2011-02-11
Joe Biden,5.0,2010-07-21
Joe Biden,2.0,2010-07-20
Joe Biden,3.0,2010-07-20
Joe Biden,4.0,2010-07-15
Joe Biden,4.0,2010-02-17
Joe Biden,5.0,2010-02-16
Joe Biden,3.0,2010-02-16
Joe Biden,1.0,2010-01-22
Joe Biden,4.0,2009-07-15
Joe Biden,0.0,2009-05-04
Joe Biden,3.0,2008-10-27
Joe Biden,5.0,2008-10-06
Joe Biden,2.0,2008-10-02
Joe Biden,2.0,2008-10-02
Joe Biden,4.0,2008-10-02
Joe Biden,3.0,2008-09-15
Joe Biden,,2008-08-24
Joe Biden,5.0,2008-08-23
Joe Biden,3.0,2008-08-23
Joe Biden,2.0,2008-07-03
Joe Biden,4.0,2008-01-07
Joe Biden,1.0,2008-01-07
Joe Biden,1.0,2008-01-07
Joe Biden,2.0,2007-12-31
Joe Biden,5.0,2007-12-12
